{"mean_x": [[[11.162177085876465, 2.6500935554504395, 2.671292781829834, 7.752211093902588, 1.3473093509674072, 7.757790565490723, 0.00235125538893044, 0.0026723870541900396, 2014.8095703125]]], "mean_y": [[[2257.097412109375, 3.5158824920654297, 4.522569179534912, 1.2641451358795166, 12.411974906921387, 0.010045443661510944, 4.419222386786714e-05], [2497.8935546875, 2.6805355548858643, 4.314491271972656, 1.5982706546783447, 13.126261711120605, 0.0027938177809119225, 1.1833221833512653e-05], [2606.84375, 2.4476547241210938, 4.1900153160095215, 1.6798142194747925, 13.273469924926758, 0.0018681625369936228, 7.712089427514002e-06], [2655.4326171875, 2.3873469829559326, 4.142521858215332, 1.702648639678955, 13.318303108215332, 0.0016883518546819687, 7.0664809754816815e-06], [2655.79931640625, 2.387157917022705, 4.1423845291137695, 1.70271897315979, 13.318384170532227, 0.001688165357336402, 7.065989848342724e-06]]], "std_x": [[[8.260958671569824, 2.060011386871338, 2.310110330581665, 5.319202899932861, 1.2412887811660767, 6.762712001800537, 0.0023469317238777876, 0.001845248625613749, 547.4283447265625]]], "std_y": [[[384.10955810546875, 2.352756977081299, 3.0163321495056152, 0.9161487221717834, 9.31928539276123, 0.012843978591263294, 9.658050839789212e-05], [295.62847900390625, 1.6619701385498047, 2.521488904953003, 1.1430715322494507, 9.792526245117188, 0.002382229082286358, 1.3320419384399429e-05], [177.0322723388672, 1.6815067529678345, 2.5714311599731445, 1.1119678020477295, 9.853084564208984, 0.0015806157607585192, 7.524259672209155e-06], [104.04620361328125, 1.7116973400115967, 2.614546060562134, 1.0937308073043823, 9.851033210754395, 0.0016305515309795737, 7.587775144202169e-06], [103.60362243652344, 1.7118823528289795, 2.614713668823242, 1.0936435461044312, 9.850947380065918, 0.0016307183541357517, 7.588166226923931e-06]]]}